{
	"id": "94a2065d-d409-4d69-8185-87da8581c80b",
	"name": "Bookshelf API Test",
	"timestamp": "2023-06-04T10:42:55.282Z",
	"collection_id": "0-2b495a07-e687-4c3d-aab4-956405995fbd",
	"folder_id": 0,
	"environment_id": "20380a8e-e9ed-43f3-926e-1751efc0b4ea",
	"totalPass": 104,
	"totalFail": 0,
	"results": [
		{
			"id": "869d6da7-2eb2-40a3-8405-ec903beaa944",
			"name": "[Mandatory] Add Book With Complete Data",
			"url": "http://localhost:9000/books",
			"time": 39,
			"responseCode": {
				"code": 201,
				"name": "Created"
			},
			"tests": {
				"status code should be 201": true,
				"response header Content-Type should be application/json": true,
				"response body should be an object": true,
				"response body should have correct property and value": true,
				"response body data should contain bookId": true
			},
			"testPassFailCounts": {
				"status code should be 201": {
					"pass": 1,
					"fail": 0
				},
				"response header Content-Type should be application/json": {
					"pass": 1,
					"fail": 0
				},
				"response body should be an object": {
					"pass": 1,
					"fail": 0
				},
				"response body should have correct property and value": {
					"pass": 1,
					"fail": 0
				},
				"response body data should contain bookId": {
					"pass": 1,
					"fail": 0
				}
			},
			"times": [
				39
			],
			"allTests": [
				{
					"status code should be 201": true,
					"response header Content-Type should be application/json": true,
					"response body should be an object": true,
					"response body should have correct property and value": true,
					"response body data should contain bookId": true
				}
			]
		},
		{
			"id": "514c3f13-2f0b-440a-97c5-ff2dab86d6b6",
			"name": "[Mandatory] Add Book With Finished Reading",
			"url": "http://localhost:9000/books",
			"time": 9,
			"responseCode": {
				"code": 201,
				"name": "Created"
			},
			"tests": {
				"status code should be 201": true,
				"response header Content-Type should be application/json": true,
				"response body should be an object": true,
				"response body should have correct property and value": true,
				"response body data should contain bookId": true
			},
			"testPassFailCounts": {
				"status code should be 201": {
					"pass": 1,
					"fail": 0
				},
				"response header Content-Type should be application/json": {
					"pass": 1,
					"fail": 0
				},
				"response body should be an object": {
					"pass": 1,
					"fail": 0
				},
				"response body should have correct property and value": {
					"pass": 1,
					"fail": 0
				},
				"response body data should contain bookId": {
					"pass": 1,
					"fail": 0
				}
			},
			"times": [
				9
			],
			"allTests": [
				{
					"status code should be 201": true,
					"response header Content-Type should be application/json": true,
					"response body should be an object": true,
					"response body should have correct property and value": true,
					"response body data should contain bookId": true
				}
			]
		},
		{
			"id": "3130a875-9483-483d-bf9f-f35d315ad638",
			"name": "[Mandatory] Add Book Without Name",
			"url": "http://localhost:9000/books",
			"time": 6,
			"responseCode": {
				"code": 400,
				"name": "Bad Request"
			},
			"tests": {
				"status code should be 400": true,
				"response header Content-Type should be application/json": true,
				"response body should be an object": true,
				"response body should have correct property and value": true
			},
			"testPassFailCounts": {
				"status code should be 400": {
					"pass": 1,
					"fail": 0
				},
				"response header Content-Type should be application/json": {
					"pass": 1,
					"fail": 0
				},
				"response body should be an object": {
					"pass": 1,
					"fail": 0
				},
				"response body should have correct property and value": {
					"pass": 1,
					"fail": 0
				}
			},
			"times": [
				6
			],
			"allTests": [
				{
					"status code should be 400": true,
					"response header Content-Type should be application/json": true,
					"response body should be an object": true,
					"response body should have correct property and value": true
				}
			]
		},
		{
			"id": "af0f4726-6d91-4604-9e82-ef16aeb708e3",
			"name": "[Mandatory] Add Book with Page Read More Than Page Count",
			"url": "http://localhost:9000/books",
			"time": 5,
			"responseCode": {
				"code": 400,
				"name": "Bad Request"
			},
			"tests": {
				"status code should be 400": true,
				"response header Content-Type should be application/json": true,
				"response body should be an object": true,
				"response body should have correct property and value": true
			},
			"testPassFailCounts": {
				"status code should be 400": {
					"pass": 1,
					"fail": 0
				},
				"response header Content-Type should be application/json": {
					"pass": 1,
					"fail": 0
				},
				"response body should be an object": {
					"pass": 1,
					"fail": 0
				},
				"response body should have correct property and value": {
					"pass": 1,
					"fail": 0
				}
			},
			"times": [
				5
			],
			"allTests": [
				{
					"status code should be 400": true,
					"response header Content-Type should be application/json": true,
					"response body should be an object": true,
					"response body should have correct property and value": true
				}
			]
		},
		{
			"id": "f7637db9-f7b0-47cb-9c32-65e0e75830d3",
			"name": "[Mandatory] Get All Books",
			"url": "http://localhost:9000/books",
			"time": 5,
			"responseCode": {
				"code": 200,
				"name": "OK"
			},
			"tests": {
				"status code should be 200": true,
				"response header Content-Type should be application/json": true,
				"response body should be an object": true,
				"response body object should have correct property and value": true,
				"response body data object should have a array books and contains two items": true,
				"the books should have contains only id, name, and publisher property": true
			},
			"testPassFailCounts": {
				"status code should be 200": {
					"pass": 1,
					"fail": 0
				},
				"response header Content-Type should be application/json": {
					"pass": 1,
					"fail": 0
				},
				"response body should be an object": {
					"pass": 1,
					"fail": 0
				},
				"response body object should have correct property and value": {
					"pass": 1,
					"fail": 0
				},
				"response body data object should have a array books and contains two items": {
					"pass": 1,
					"fail": 0
				},
				"the books should have contains only id, name, and publisher property": {
					"pass": 1,
					"fail": 0
				}
			},
			"times": [
				5
			],
			"allTests": [
				{
					"status code should be 200": true,
					"response header Content-Type should be application/json": true,
					"response body should be an object": true,
					"response body object should have correct property and value": true,
					"response body data object should have a array books and contains two items": true,
					"the books should have contains only id, name, and publisher property": true
				}
			]
		},
		{
			"id": "450636b0-1c7b-465d-a287-9edd9559d730",
			"name": "[Mandatory] Get Detail Books With Correct Id",
			"url": "http://localhost:9000/books/w2v972WYPazHoefC",
			"time": 5,
			"responseCode": {
				"code": 200,
				"name": "OK"
			},
			"tests": {
				"response code should be 200": true,
				"response header Content-Type should be application/json": true,
				"response body should an object": true,
				"response body object should contain correct property and value": true,
				"response body data object should contain book object": true,
				"book object should contain correct property and value": true
			},
			"testPassFailCounts": {
				"response code should be 200": {
					"pass": 1,
					"fail": 0
				},
				"response header Content-Type should be application/json": {
					"pass": 1,
					"fail": 0
				},
				"response body should an object": {
					"pass": 1,
					"fail": 0
				},
				"response body object should contain correct property and value": {
					"pass": 1,
					"fail": 0
				},
				"response body data object should contain book object": {
					"pass": 1,
					"fail": 0
				},
				"book object should contain correct property and value": {
					"pass": 1,
					"fail": 0
				}
			},
			"times": [
				5
			],
			"allTests": [
				{
					"response code should be 200": true,
					"response header Content-Type should be application/json": true,
					"response body should an object": true,
					"response body object should contain correct property and value": true,
					"response body data object should contain book object": true,
					"book object should contain correct property and value": true
				}
			]
		},
		{
			"id": "c20cd126-27a9-4011-9cfd-fc9e8bda7191",
			"name": "[Mandatory] Get Detail Finished Book",
			"url": "http://localhost:9000/books/WOXuX3JztlDugmsA",
			"time": 6,
			"responseCode": {
				"code": 200,
				"name": "OK"
			},
			"tests": {
				"response code should be 200": true,
				"response header Content-Type should be application/json": true,
				"response body should an object": true,
				"response body object should contain correct property and value": true,
				"response body data object should contain book object": true,
				"book object should contain correct property and value": true
			},
			"testPassFailCounts": {
				"response code should be 200": {
					"pass": 1,
					"fail": 0
				},
				"response header Content-Type should be application/json": {
					"pass": 1,
					"fail": 0
				},
				"response body should an object": {
					"pass": 1,
					"fail": 0
				},
				"response body object should contain correct property and value": {
					"pass": 1,
					"fail": 0
				},
				"response body data object should contain book object": {
					"pass": 1,
					"fail": 0
				},
				"book object should contain correct property and value": {
					"pass": 1,
					"fail": 0
				}
			},
			"times": [
				6
			],
			"allTests": [
				{
					"response code should be 200": true,
					"response header Content-Type should be application/json": true,
					"response body should an object": true,
					"response body object should contain correct property and value": true,
					"response body data object should contain book object": true,
					"book object should contain correct property and value": true
				}
			]
		},
		{
			"id": "f8170ba0-0ea0-438a-968b-2e66695a8a2c",
			"name": "[Mandatory] Get Detail Books With Invalid Id",
			"url": "http://localhost:9000/books/xxxxx",
			"time": 5,
			"responseCode": {
				"code": 404,
				"name": "Not Found"
			},
			"tests": {
				"response code should be 404": true,
				"response header Content-Type should be application/json": true,
				"response body should an object": true,
				"response body object should contain correct property and value": true
			},
			"testPassFailCounts": {
				"response code should be 404": {
					"pass": 1,
					"fail": 0
				},
				"response header Content-Type should be application/json": {
					"pass": 1,
					"fail": 0
				},
				"response body should an object": {
					"pass": 1,
					"fail": 0
				},
				"response body object should contain correct property and value": {
					"pass": 1,
					"fail": 0
				}
			},
			"times": [
				5
			],
			"allTests": [
				{
					"response code should be 404": true,
					"response header Content-Type should be application/json": true,
					"response body should an object": true,
					"response body object should contain correct property and value": true
				}
			]
		},
		{
			"id": "e15c7748-4eb4-42a2-9dad-e57743449401",
			"name": "[Mandatory] Update Book With Complete Data",
			"url": "http://localhost:9000/books/w2v972WYPazHoefC",
			"time": 6,
			"responseCode": {
				"code": 200,
				"name": "OK"
			},
			"tests": {
				"status code should be 200": true,
				"response header Content-Type should be application/json": true,
				"response body should be an object": true,
				"response body should have correct property and value": true,
				"when get detail books": true,
				"book object should contain updated values": true
			},
			"testPassFailCounts": {
				"status code should be 200": {
					"pass": 1,
					"fail": 0
				},
				"response header Content-Type should be application/json": {
					"pass": 1,
					"fail": 0
				},
				"response body should be an object": {
					"pass": 1,
					"fail": 0
				},
				"response body should have correct property and value": {
					"pass": 1,
					"fail": 0
				},
				"when get detail books": {
					"pass": 1,
					"fail": 0
				},
				"book object should contain updated values": {
					"pass": 1,
					"fail": 0
				}
			},
			"times": [
				6
			],
			"allTests": [
				{
					"status code should be 200": true,
					"response header Content-Type should be application/json": true,
					"response body should be an object": true,
					"response body should have correct property and value": true,
					"when get detail books": true,
					"book object should contain updated values": true
				}
			]
		},
		{
			"id": "d061e3eb-8f8d-464c-9b36-95ffdf7d8e1e",
			"name": "[Mandatory] Update Book Without Name",
			"url": "http://localhost:9000/books/w2v972WYPazHoefC",
			"time": 5,
			"responseCode": {
				"code": 400,
				"name": "Bad Request"
			},
			"tests": {
				"status code should be 400": true,
				"response header Content-Type should be application/json": true,
				"response body should be an object": true,
				"response body should have correct property and value": true
			},
			"testPassFailCounts": {
				"status code should be 400": {
					"pass": 1,
					"fail": 0
				},
				"response header Content-Type should be application/json": {
					"pass": 1,
					"fail": 0
				},
				"response body should be an object": {
					"pass": 1,
					"fail": 0
				},
				"response body should have correct property and value": {
					"pass": 1,
					"fail": 0
				}
			},
			"times": [
				5
			],
			"allTests": [
				{
					"status code should be 400": true,
					"response header Content-Type should be application/json": true,
					"response body should be an object": true,
					"response body should have correct property and value": true
				}
			]
		},
		{
			"id": "b21fe15c-634f-4c91-a6c7-dcbc90b26342",
			"name": "[Mandatory] Update Book With Page Read More Than Page Count",
			"url": "http://localhost:9000/books/w2v972WYPazHoefC",
			"time": 5,
			"responseCode": {
				"code": 400,
				"name": "Bad Request"
			},
			"tests": {
				"status code should be 400": true,
				"response header Content-Type should be application/json": true,
				"response body should be an object": true,
				"response body should have correct property and value": true
			},
			"testPassFailCounts": {
				"status code should be 400": {
					"pass": 1,
					"fail": 0
				},
				"response header Content-Type should be application/json": {
					"pass": 1,
					"fail": 0
				},
				"response body should be an object": {
					"pass": 1,
					"fail": 0
				},
				"response body should have correct property and value": {
					"pass": 1,
					"fail": 0
				}
			},
			"times": [
				5
			],
			"allTests": [
				{
					"status code should be 400": true,
					"response header Content-Type should be application/json": true,
					"response body should be an object": true,
					"response body should have correct property and value": true
				}
			]
		},
		{
			"id": "637de44e-43e8-4424-8ba8-38a51c950018",
			"name": "[Mandatory] Update Book with Invalid Id",
			"url": "http://localhost:9000/books/xxxxx",
			"time": 5,
			"responseCode": {
				"code": 404,
				"name": "Not Found"
			},
			"tests": {
				"status code should be 404": true,
				"response header Content-Type should be application/json": true,
				"response body should be an object": true,
				"response body should have correct property and value": true
			},
			"testPassFailCounts": {
				"status code should be 404": {
					"pass": 1,
					"fail": 0
				},
				"response header Content-Type should be application/json": {
					"pass": 1,
					"fail": 0
				},
				"response body should be an object": {
					"pass": 1,
					"fail": 0
				},
				"response body should have correct property and value": {
					"pass": 1,
					"fail": 0
				}
			},
			"times": [
				5
			],
			"allTests": [
				{
					"status code should be 404": true,
					"response header Content-Type should be application/json": true,
					"response body should be an object": true,
					"response body should have correct property and value": true
				}
			]
		},
		{
			"id": "88a871c8-6fc6-47b1-aeed-38f66bd92ac1",
			"name": "[Mandatory] Delete Book with Correct Id",
			"url": "http://localhost:9000/books/w2v972WYPazHoefC",
			"time": 5,
			"responseCode": {
				"code": 200,
				"name": "OK"
			},
			"tests": {
				"status code should be 200": true,
				"response header Content-Type should be application/json": true,
				"response body should be an object": true,
				"response body should have correct property and value": true,
				"when get detail books": true,
				"The book should be not found": true
			},
			"testPassFailCounts": {
				"status code should be 200": {
					"pass": 1,
					"fail": 0
				},
				"response header Content-Type should be application/json": {
					"pass": 1,
					"fail": 0
				},
				"response body should be an object": {
					"pass": 1,
					"fail": 0
				},
				"response body should have correct property and value": {
					"pass": 1,
					"fail": 0
				},
				"when get detail books": {
					"pass": 1,
					"fail": 0
				},
				"The book should be not found": {
					"pass": 1,
					"fail": 0
				}
			},
			"times": [
				5
			],
			"allTests": [
				{
					"status code should be 200": true,
					"response header Content-Type should be application/json": true,
					"response body should be an object": true,
					"response body should have correct property and value": true,
					"when get detail books": true,
					"The book should be not found": true
				}
			]
		},
		{
			"id": "f9463965-81a0-4618-8957-4d22917c67b6",
			"name": "[Mandatory] Delete Finished book",
			"url": "http://localhost:9000/books/WOXuX3JztlDugmsA",
			"time": 3,
			"responseCode": {
				"code": 200,
				"name": "OK"
			},
			"tests": {
				"status code should be 200": true,
				"response header Content-Type should be application/json": true,
				"response body should be an object": true,
				"response body should have correct property and value": true,
				"when get detail books": true,
				"The book should be not found": true
			},
			"testPassFailCounts": {
				"status code should be 200": {
					"pass": 1,
					"fail": 0
				},
				"response header Content-Type should be application/json": {
					"pass": 1,
					"fail": 0
				},
				"response body should be an object": {
					"pass": 1,
					"fail": 0
				},
				"response body should have correct property and value": {
					"pass": 1,
					"fail": 0
				},
				"when get detail books": {
					"pass": 1,
					"fail": 0
				},
				"The book should be not found": {
					"pass": 1,
					"fail": 0
				}
			},
			"times": [
				3
			],
			"allTests": [
				{
					"status code should be 200": true,
					"response header Content-Type should be application/json": true,
					"response body should be an object": true,
					"response body should have correct property and value": true,
					"when get detail books": true,
					"The book should be not found": true
				}
			]
		},
		{
			"id": "bedeadc5-1e85-4c1c-b0d4-548feb3c2366",
			"name": "[Mandatory] Delete Book with Invalid Id",
			"url": "http://localhost:9000/books/xxxxx",
			"time": 5,
			"responseCode": {
				"code": 404,
				"name": "Not Found"
			},
			"tests": {
				"status code should be 404": true,
				"response header Content-Type should be application/json": true,
				"response body should be an object": true,
				"response body should have correct property and value": true
			},
			"testPassFailCounts": {
				"status code should be 404": {
					"pass": 1,
					"fail": 0
				},
				"response header Content-Type should be application/json": {
					"pass": 1,
					"fail": 0
				},
				"response body should be an object": {
					"pass": 1,
					"fail": 0
				},
				"response body should have correct property and value": {
					"pass": 1,
					"fail": 0
				}
			},
			"times": [
				5
			],
			"allTests": [
				{
					"status code should be 404": true,
					"response header Content-Type should be application/json": true,
					"response body should be an object": true,
					"response body should have correct property and value": true
				}
			]
		},
		{
			"id": "df527f13-9077-43e9-a1e7-59d259f5f9a5",
			"name": "Add Reading and Finished Book",
			"url": "http://localhost:9000/books",
			"time": 5,
			"responseCode": {
				"code": 201,
				"name": "Created"
			},
			"tests": {},
			"testPassFailCounts": {},
			"times": [
				5
			],
			"allTests": [
				{}
			]
		},
		{
			"id": "c8be4d13-e735-4d65-8a71-25e4fab9514e",
			"name": "Add Reading and Unfinished Book with \"Dicoding\" Name",
			"url": "http://localhost:9000/books",
			"time": 5,
			"responseCode": {
				"code": 201,
				"name": "Created"
			},
			"tests": {},
			"testPassFailCounts": {},
			"times": [
				5
			],
			"allTests": [
				{}
			]
		},
		{
			"id": "2ef070ac-fced-4ec0-91dd-bd8059eaa6e5",
			"name": "Add Unreading Books and Unfinished Book \"Dicoding\" Name",
			"url": "http://localhost:9000/books",
			"time": 6,
			"responseCode": {
				"code": 201,
				"name": "Created"
			},
			"tests": {},
			"testPassFailCounts": {},
			"times": [
				6
			],
			"allTests": [
				{}
			]
		},
		{
			"id": "b0a24cb0-827f-46cc-8442-5c8440c341f9",
			"name": "Add Unreading Books and Unfinished Book",
			"url": "http://localhost:9000/books",
			"time": 4,
			"responseCode": {
				"code": 201,
				"name": "Created"
			},
			"tests": {},
			"testPassFailCounts": {},
			"times": [
				4
			],
			"allTests": [
				{}
			]
		},
		{
			"id": "8304f14d-15ae-43ba-a5b5-0a8e28c6e743",
			"name": "[Optional] Get All Reading Books",
			"url": "http://localhost:9000/books?reading=1",
			"time": 4,
			"responseCode": {
				"code": 200,
				"name": "OK"
			},
			"tests": {
				"status code should be 200": true,
				"response header Content-Type should be application/json": true,
				"response body should be an object": true,
				"response body object should have correct property and value": true,
				"response body data object should have a array books and contains 2 items": true,
				"the books should have contains only name and publisher property": true
			},
			"testPassFailCounts": {
				"status code should be 200": {
					"pass": 1,
					"fail": 0
				},
				"response header Content-Type should be application/json": {
					"pass": 1,
					"fail": 0
				},
				"response body should be an object": {
					"pass": 1,
					"fail": 0
				},
				"response body object should have correct property and value": {
					"pass": 1,
					"fail": 0
				},
				"response body data object should have a array books and contains 2 items": {
					"pass": 1,
					"fail": 0
				},
				"the books should have contains only name and publisher property": {
					"pass": 1,
					"fail": 0
				}
			},
			"times": [
				4
			],
			"allTests": [
				{
					"status code should be 200": true,
					"response header Content-Type should be application/json": true,
					"response body should be an object": true,
					"response body object should have correct property and value": true,
					"response body data object should have a array books and contains 2 items": true,
					"the books should have contains only name and publisher property": true
				}
			]
		},
		{
			"id": "6dddb598-ab5f-4837-8334-208216d8a137",
			"name": "[Optional] Get All Unreading Books",
			"url": "http://localhost:9000/books?reading=0",
			"time": 4,
			"responseCode": {
				"code": 200,
				"name": "OK"
			},
			"tests": {
				"status code should be 200": true,
				"response header Content-Type should be application/json": true,
				"response body should be an object": true,
				"response body object should have correct property and value": true,
				"response body data object should have a array books and contains at 2 items": true,
				"the books should have contains only name and publisher property": true
			},
			"testPassFailCounts": {
				"status code should be 200": {
					"pass": 1,
					"fail": 0
				},
				"response header Content-Type should be application/json": {
					"pass": 1,
					"fail": 0
				},
				"response body should be an object": {
					"pass": 1,
					"fail": 0
				},
				"response body object should have correct property and value": {
					"pass": 1,
					"fail": 0
				},
				"response body data object should have a array books and contains at 2 items": {
					"pass": 1,
					"fail": 0
				},
				"the books should have contains only name and publisher property": {
					"pass": 1,
					"fail": 0
				}
			},
			"times": [
				4
			],
			"allTests": [
				{
					"status code should be 200": true,
					"response header Content-Type should be application/json": true,
					"response body should be an object": true,
					"response body object should have correct property and value": true,
					"response body data object should have a array books and contains at 2 items": true,
					"the books should have contains only name and publisher property": true
				}
			]
		},
		{
			"id": "f541a3a0-f719-43ce-9074-40fb9c26eb03",
			"name": "[Optional] Get All Finished Books",
			"url": "http://localhost:9000/books?finished=1",
			"time": 4,
			"responseCode": {
				"code": 200,
				"name": "OK"
			},
			"tests": {
				"status code should be 200": true,
				"response header Content-Type should be application/json": true,
				"response body should be an object": true,
				"response body object should have correct property and value": true,
				"response body data object should have a array books and contains 1 items": true,
				"the books should have contains only name and publisher property": true
			},
			"testPassFailCounts": {
				"status code should be 200": {
					"pass": 1,
					"fail": 0
				},
				"response header Content-Type should be application/json": {
					"pass": 1,
					"fail": 0
				},
				"response body should be an object": {
					"pass": 1,
					"fail": 0
				},
				"response body object should have correct property and value": {
					"pass": 1,
					"fail": 0
				},
				"response body data object should have a array books and contains 1 items": {
					"pass": 1,
					"fail": 0
				},
				"the books should have contains only name and publisher property": {
					"pass": 1,
					"fail": 0
				}
			},
			"times": [
				4
			],
			"allTests": [
				{
					"status code should be 200": true,
					"response header Content-Type should be application/json": true,
					"response body should be an object": true,
					"response body object should have correct property and value": true,
					"response body data object should have a array books and contains 1 items": true,
					"the books should have contains only name and publisher property": true
				}
			]
		},
		{
			"id": "aa646053-6399-420c-bfaa-32a775f210f7",
			"name": "[Optional] Get All Unfinished Books",
			"url": "http://localhost:9000/books?finished=0",
			"time": 4,
			"responseCode": {
				"code": 200,
				"name": "OK"
			},
			"tests": {
				"status code should be 200": true,
				"response header Content-Type should be application/json": true,
				"response body should be an object": true,
				"response body object should have correct property and value": true,
				"response body data object should have a array books and contains 3 items": true,
				"the books should have contains only name and publisher property": true
			},
			"testPassFailCounts": {
				"status code should be 200": {
					"pass": 1,
					"fail": 0
				},
				"response header Content-Type should be application/json": {
					"pass": 1,
					"fail": 0
				},
				"response body should be an object": {
					"pass": 1,
					"fail": 0
				},
				"response body object should have correct property and value": {
					"pass": 1,
					"fail": 0
				},
				"response body data object should have a array books and contains 3 items": {
					"pass": 1,
					"fail": 0
				},
				"the books should have contains only name and publisher property": {
					"pass": 1,
					"fail": 0
				}
			},
			"times": [
				4
			],
			"allTests": [
				{
					"status code should be 200": true,
					"response header Content-Type should be application/json": true,
					"response body should be an object": true,
					"response body object should have correct property and value": true,
					"response body data object should have a array books and contains 3 items": true,
					"the books should have contains only name and publisher property": true
				}
			]
		},
		{
			"id": "130bee13-9cc5-4fcc-87fa-acec99e0bb9f",
			"name": "[Optional] Get All Books Contains \"Dicoding\" Name",
			"url": "http://localhost:9000/books?name=Dicoding",
			"time": 3,
			"responseCode": {
				"code": 200,
				"name": "OK"
			},
			"tests": {
				"status code should be 200": true,
				"response header Content-Type should be application/json": true,
				"response body should be an object": true,
				"response body object should have correct property and value": true,
				"response body data object should have a array books and contains 2 items": true,
				"the books should have contains only name and publisher property": true
			},
			"testPassFailCounts": {
				"status code should be 200": {
					"pass": 1,
					"fail": 0
				},
				"response header Content-Type should be application/json": {
					"pass": 1,
					"fail": 0
				},
				"response body should be an object": {
					"pass": 1,
					"fail": 0
				},
				"response body object should have correct property and value": {
					"pass": 1,
					"fail": 0
				},
				"response body data object should have a array books and contains 2 items": {
					"pass": 1,
					"fail": 0
				},
				"the books should have contains only name and publisher property": {
					"pass": 1,
					"fail": 0
				}
			},
			"times": [
				3
			],
			"allTests": [
				{
					"status code should be 200": true,
					"response header Content-Type should be application/json": true,
					"response body should be an object": true,
					"response body object should have correct property and value": true,
					"response body data object should have a array books and contains 2 items": true,
					"the books should have contains only name and publisher property": true
				}
			]
		}
	],
	"count": 1,
	"totalTime": 153,
	"collection": {
		"requests": [
			{
				"id": "869d6da7-2eb2-40a3-8405-ec903beaa944",
				"method": "POST"
			},
			{
				"id": "514c3f13-2f0b-440a-97c5-ff2dab86d6b6",
				"method": "POST"
			},
			{
				"id": "3130a875-9483-483d-bf9f-f35d315ad638",
				"method": "POST"
			},
			{
				"id": "af0f4726-6d91-4604-9e82-ef16aeb708e3",
				"method": "POST"
			},
			{
				"id": "f7637db9-f7b0-47cb-9c32-65e0e75830d3",
				"method": "GET"
			},
			{
				"id": "450636b0-1c7b-465d-a287-9edd9559d730",
				"method": "GET"
			},
			{
				"id": "c20cd126-27a9-4011-9cfd-fc9e8bda7191",
				"method": "GET"
			},
			{
				"id": "f8170ba0-0ea0-438a-968b-2e66695a8a2c",
				"method": "GET"
			},
			{
				"id": "e15c7748-4eb4-42a2-9dad-e57743449401",
				"method": "PUT"
			},
			{
				"id": "d061e3eb-8f8d-464c-9b36-95ffdf7d8e1e",
				"method": "PUT"
			},
			{
				"id": "b21fe15c-634f-4c91-a6c7-dcbc90b26342",
				"method": "PUT"
			},
			{
				"id": "637de44e-43e8-4424-8ba8-38a51c950018",
				"method": "PUT"
			},
			{
				"id": "88a871c8-6fc6-47b1-aeed-38f66bd92ac1",
				"method": "DELETE"
			},
			{
				"id": "f9463965-81a0-4618-8957-4d22917c67b6",
				"method": "DELETE"
			},
			{
				"id": "bedeadc5-1e85-4c1c-b0d4-548feb3c2366",
				"method": "DELETE"
			},
			{
				"id": "df527f13-9077-43e9-a1e7-59d259f5f9a5",
				"method": "POST"
			},
			{
				"id": "c8be4d13-e735-4d65-8a71-25e4fab9514e",
				"method": "POST"
			},
			{
				"id": "2ef070ac-fced-4ec0-91dd-bd8059eaa6e5",
				"method": "POST"
			},
			{
				"id": "b0a24cb0-827f-46cc-8442-5c8440c341f9",
				"method": "POST"
			},
			{
				"id": "8304f14d-15ae-43ba-a5b5-0a8e28c6e743",
				"method": "GET"
			},
			{
				"id": "6dddb598-ab5f-4837-8334-208216d8a137",
				"method": "GET"
			},
			{
				"id": "f541a3a0-f719-43ce-9074-40fb9c26eb03",
				"method": "GET"
			},
			{
				"id": "aa646053-6399-420c-bfaa-32a775f210f7",
				"method": "GET"
			},
			{
				"id": "130bee13-9cc5-4fcc-87fa-acec99e0bb9f",
				"method": "GET"
			}
		]
	}
}