{
	"id": "20380a8e-e9ed-43f3-926e-1751efc0b4ea",
	"name": "Bookshelf API Test",
	"values": [
		{
			"key": "port",
			"value": "9000",
			"enabled": true
		},
		{
			"key": "bookId",
			"value": "",
			"enabled": true
		},
		{
			"key": "bookIdWithFinishedReading",
			"value": "",
			"type": "default",
			"enabled": true
		},
		{
			"key": "newName",
			"value": "Buku A",
			"enabled": true
		},
		{
			"key": "newYear",
			"value": "2010",
			"enabled": true
		},
		{
			"key": "newAuthor",
			"value": "John Doe",
			"enabled": true
		},
		{
			"key": "newSummary",
			"value": "Lorem ipsum dolor sit amet",
			"enabled": true
		},
		{
			"key": "newPublisher",
			"value": "Dicoding Indonesia",
			"enabled": true
		},
		{
			"key": "newPageCount",
			"value": "100",
			"enabled": true
		},
		{
			"key": "newReadPage",
			"value": "25",
			"enabled": true
		},
		{
			"key": "newReading",
			"value": "false",
			"enabled": true
		},
		{
			"key": "updateName",
			"value": "Buku A Revisi",
			"enabled": true
		},
		{
			"key": "updateYear",
			"value": "2011",
			"enabled": true
		},
		{
			"key": "updateAuthor",
			"value": "Jane Doe",
			"enabled": true
		},
		{
			"key": "updateSummary",
			"value": "Lorem Dolor sit Ametttt",
			"enabled": true
		},
		{
			"key": "updatePublisher",
			"value": "Dicoding",
			"enabled": true
		},
		{
			"key": "updatePageCount",
			"value": "200",
			"enabled": true
		},
		{
			"key": "updateReadPage",
			"value": "26",
			"enabled": true
		},
		{
			"key": "updateReading",
			"value": "false",
			"enabled": true
		}
	],
	"_postman_variable_scope": "environment",
	"_postman_exported_at": "2023-06-04T00:39:37.357Z",
	"_postman_exported_using": "Postman/10.14.2"
}